<?xml version="1.0" encoding="UTF-8"?>

<beans xmlns="http://www.springframework.org/schema/beans"
	xmlns:xsi="http://www.w3.org/2001/XMLSchema-instance"
	xsi:schemaLocation="http://www.springframework.org/schema/beans
http://www.springframework.org/schema/beans/spring-beans-2.5.xsd
http://www.springframework.org/schema/util 
http://www.springframework.org/schema/util/spring-util-2.5.xsd">

	<!-- Handlers -->

	<bean id="loggingHandler"
		class="com.walgreens.cdi.util.LoggingHandler"
		autowire="byName" />

	<bean id="soapMessageHandler"
		class="com.walgreens.cdi.util.SOAPMessageHandler"
		autowire="byName" />

	<!-- Correlation ID -->

	<bean id="cdiLogger" class="com.walgreens.cdi.util.CDILogger"
		autowire="byName">
		<property name="walgreensLogger" ref="walgreensLogger" />
	</bean>
	
	<bean id="walgreensLogger" class="walgreens.utils.logging.WalgreensLog4JImpl"
		autowire="byName">
	</bean>
	
	<bean id="trackingInfoProxyBean"
		class="org.springframework.aop.framework.ProxyFactoryBean">
		<property name="targetSource" ref="threadLocalTrackingInfo" />
	</bean>

	<bean id="threadLocalTrackingInfo"
		class="org.springframework.aop.target.ThreadLocalTargetSource"
		destroy-method="destroy">
		<property name="targetBeanName" value="trackingInfoVO" />
	</bean>
	<bean id="trackingInfoVO"
		class="com.walgreens.cdi.vo.TrackingInfoVO" scope="prototype" />

	

</beans>