<?xml version="1.0" encoding="UTF-8"?>
<application id="Application_ID" version="6" xmlns="http://java.sun.com/xml/ns/javaee" xmlns:xsi="http://www.w3.org/2001/XMLSchema-instance" xsi:schemaLocation="http://java.sun.com/xml/ns/javaee http://java.sun.com/xml/ns/javaee/application_6.xsd">
    <application-name>rewards-api</application-name>
    <display-name>RewardsAPI</display-name>
    <module id="WebModule_1397498059821">
        <web>
            <web-uri>rewards-api-web.war</web-uri>
            <context-root>api/rewards</context-root>
        </web>
    </module>
    <module id="WebModule_1397498077365">
        <web>
            <web-uri>creditcards-api-web.war</web-uri>
            <context-root>api/creditcards</context-root>
        </web>
    </module>
</application>
