<?xml version="1.0" encoding="UTF-8"?>
<!-- This is a sample keysPlease modify based on your application-->
<ServicesSecurity 
    xmlns="http://www.walgreens.com/reusearchitecture/services/security/provider">
    
    <!--Provide a list of all consumers who will be accessing services/operations provided.-->
    <!--This information will be used to authenticate the consumer. Only consumers listed here will be allowed
        to use services and operations provided here. -->
    <!--Description- descriptionfor the consumer -->
    <!--ID - is the consumer id, in the previous version this was referred to as applicationId. This ID
             cannot contain special character especially comma (,). As this character is used seperate
             consumers as part of authorizedconsumers below. -->
    <!--Password - is the consumer password, in the previous version this was referred to as applicationKey -->
    <ListOfConsumers>
       <Consumer>
          	<Description>Dev</Description>
          	<ID>system</ID>
          	<Password>system</Password>
       </Consumer>
       <Consumer>
          	<Description>Dev5, Dev3, Dev4</Description>
          	<ID>systest1</ID>
          	<Password>systest1</Password>
       	</Consumer>
	  	<Consumer>
          	<Description>Dev5, Dev3, Dev4</Description>
          	<ID>systest2</ID>
          	<Password>systest2</Password>
       	</Consumer>
		 	<Consumer>
          	<Description>Dev5, Dev3, Dev4</Description>
          	<ID>systest3</ID>
          	<Password>systest3</Password>
       	</Consumer>
	  	<Consumer>
 			<Description>Scriptmed</Description>
  			<ID>WAGSpecialty</ID> 
  			<Password>SSA51OPV$1</Password> 
  		</Consumer>
  	    <Consumer>  
  	 		<Description>IC Plus</Description>	
    		<ID>ICO</ID> 
    		<Password>ic+{0}p:we1</Password> 
		</Consumer>	
		<Consumer>
			<Description>GG</Description>
			<ID>GGu1</ID>
			<Password>gg$u1se1</Password> 
		</Consumer>
		<Consumer>
			<Description>CDITest Panel</Description>
			<ID>CDITP</ID>
			<Password>c22$6t4</Password> 
		</Consumer>
		<Consumer>
			<Description>Initiate</Description>
			<ID>mdmu1</ID> 
			<Password>mdm$u1ser1</Password> 
    	</Consumer>
    	<Consumer>
			<Description>GGTest</Description>
			<ID>ggTEST</ID> 
			<Password>test4you1</Password> 
    	</Consumer>
    	<Consumer>
			<Description>Application one</Description>
			<ID>walgreens</ID> 
			<Password>walgreens1</Password> 
    	</Consumer>
    	<Consumer>
			<Description>CDI User</Description>
			<ID>cdi1</ID> 
			<Password>cdi1231</Password> 
    	</Consumer>
    	<Consumer>
          	<Description>Initiate API User</Description>
          	<ID>APIUSER</ID>
          	<Password>APIUSER65x!@</Password>
       </Consumer>
       <Consumer>
            <Description>Health Cloud Tablet</Description>
            <ID>HCTB</ID> 
            <Password>7945iu!</Password>
       </Consumer>
       <Consumer>
          	<Description>SR2 User</Description>
          	<ID>SR2</ID>
          	<Password>Sr2#U$er1</Password>
       </Consumer>
       <Consumer>
          	<Description>ECOMM</Description>
          	<ID>ECOMM</ID>
          	<Password>integr8</Password>
       </Consumer>
       
       	<Consumer>
			<Description>NCR</Description>
			<ID>ncr_schd</ID>
			<Password>walgreens1</Password>
		</Consumer>
		
		<Consumer>
			<Description>TC</Description>
			<ID>TCCSG</ID>
			<Password>take1c$g</Password>
		</Consumer>
		
		<Consumer>
			<Description>TE</Description>
			<ID>TCESG</ID>
			<Password>walgreens1</Password>
		</Consumer>
		
		<Consumer>
			<Description>Ecomm Realtime Integration</Description>
			<ID>ECOMMRT</ID>
			<Password>EcRt2CDI</Password>
		</Consumer>		

		<Consumer>
			<Description>Home Care</Description>
			<ID>HCARE</ID>
			<Password>HCare2CDI</Password>
		</Consumer>	
       <Consumer>
			<Description>Greenway Retail</Description>
			<ID>GWRetailEMR</ID>
			<Password>GWRetail123</Password>
		</Consumer>
       <Consumer>
			<Description>Loyalty Realtime</Description>
			<ID>LoyaltyRealTime</ID>
			<Password>LoyaltyRealTime</Password>
		</Consumer>	
		
		 <!--Newentry added  for Loyalty DP to CDI -->
		 <Consumer>
			<Description>NGPOSDP</Description>
			<ID>NGPOSDP</ID>
			<Password>cdi123</Password>
		</Consumer>	
		 <Consumer>
			<Description>ECOMMDP</Description>
			<ID>ECOMMDP</ID>
			<Password>cdi123</Password>
		</Consumer>	
		<Consumer>
			<Description>ICDP</Description>
			<ID>ICDP</ID>
			<Password>cdi123</Password>
		</Consumer>	
		<Consumer>
			<Description>CSRDP</Description>
			<ID>CSRDP</ID>
			<Password>cdi123</Password>
		</Consumer>	
		<Consumer>
			<Description>KIOSKDP</Description>
			<ID>KIOSKDP</ID>
			<Password>cdi123</Password>
		</Consumer>	
		<Consumer>
			<Description>MECOMMDP</Description>
			<ID>MECOMMDP</ID>
			<Password>cdi123</Password>
		</Consumer>	
		<Consumer>
			<Description>IVRDP</Description>
			<ID>IVRDP</ID>
			<Password>cdi123</Password>
		</Consumer>	
		<Consumer>
			<Description>EISDP</Description>
			<ID>EISDP</ID>
			<Password>cdi123</Password>
		</Consumer>	
		<Consumer>
			<Description>OCIDP</Description>
			<ID>OCIDP</ID>
			<Password>cdi123</Password>
		</Consumer>	
		<Consumer>
			<Description>SDLDP</Description>
			<ID>SDLDP</ID>
			<Password>cdi123</Password>
		</Consumer>	
		<Consumer>
			<Description>POLARISDP</Description>
			<ID>POLARISDP</ID>
			<Password>cdi123</Password>
		</Consumer>	
		<Consumer>
			<Description>POSDP</Description>
			<ID>POSDP</ID>
			<Password>cdi123</Password>
		</Consumer>
		<Consumer>
			<Description>OTHERDP</Description>
			<ID>OTHERDP</ID>
			<Password>cdi123</Password>
		</Consumer>			
		<Consumer>
			<Description>Enterprise Service Eligibility</Description>
			<ID>ESEuser</ID>
			<Password>Yt#34p2</Password>
		</Consumer>
			<Consumer>
			<Description>Cornerstone</Description>
			<ID>CS</ID>
			<Password>cSt%^18$E</Password>
		</Consumer>
		<Consumer>
			<Description>Connected Health</Description>
			<ID>CH</ID>
			<Password>CH%76pwe5</Password>
		</Consumer>
		<Consumer>
			<Description>CDI Real Time Batch</Description>
			<ID>BT</ID>
			<Password>BT%7653pw</Password>
		</Consumer>
		<Consumer>
			<Description>CDI Real Time Batch</Description>
			<ID>BTDP</ID>
			<Password>cdi123</Password>
		</Consumer>
	 <Consumer>
           <Description>SalesForce.com user authentication for Lookup and Enrollment</Description> 
           <ID>SF</ID> 
           <Password>SF%87654i</Password> 
  </Consumer>
		
		<Consumer>
  <Description>Care Management</Description> 
  <ID>CM</ID> 
  <Password>cm%^92$E</Password> 
  </Consumer>
  
  <Consumer>
  <Description>ERX</Description> 
  <ID>eRx</ID> 
  <Password>ePr3$cr!pt0n</Password> 
  </Consumer>
  <!--Newentry added  for CCO User -->
	<Consumer>
		<Description>CCO Non-Salesforce</Description>
		<ID>CCO</ID>
		<Password>akdl8!09j</Password>
	</Consumer>	
  	<Consumer>
		<Description>Urgent Consent</Description>
		<ID>UCON</ID>
		<Password>pdkws!09j</Password>
	</Consumer> 
	
	<Consumer>
		<Description>Unmerge user</Description>
		<ID>UNMERGE</ID>
		<Password>UNMERGE@1</Password>
	</Consumer>
  	<!--Newentry added  for Ecommerce Consent User -->
		<Consumer>
			<Description>Ecommerce Consent</Description>
			<ApplicationId>ECON</ApplicationId>
			<ID>ECON</ID>
			<Password>jafl8!09j</Password>
		</Consumer>
	<!--Newentry added for PC Centralization Consent User -->
	<Consumer>
		<Description>PC Centralization</Description>
		<ApplicationId>PCCDP</ApplicationId>
		<ID>PCCDP</ID>
		<Password>pcc8!09j</Password>
	</Consumer>
	<Consumer>
           <Description>SalesForceDP user authentication for Lookup and Enrollment</Description> 
           <ID>SFDP</ID> 
           <Password>SF%79pwe9</Password> 
  </Consumer>	
</ListOfConsumers>
</ServicesSecurity>
