<?xml version="1.0" encoding="UTF-8"?>
<!-- This is a sample keysPlease modify based on your application-->
<ServicesSecurity 
    xmlns="http://www.walgreens.com/reusearchitecture/services/security/provider">
    
    <!--Provide a list of all consumers who will be accessing services/operations provided.-->
    <!--This information will be used to authenticate the consumer. Only consumers listed here will be allowed
        to use services and operations provided here. -->
    <!--Description- descriptionfor the consumer -->
    <!--ID - is the consumer id, in the previous version this was referred to as applicationId. This ID
             cannot contain special character especially comma (,). As this character is used seperate
             consumers as part of authorizedconsumers below. -->
    <!--Password - is the consumer password, in the previous version this was referred to as applicationKey -->
 
   <ListOfAppIDs>
       <AppID>
       		 <Description>CDI USER</Description>
        	 <ID>cdi1</ID>
       		 <InitiateID>cdi1</InitiateID>
       </AppID>
       <AppID>
        	<Description>ScriptMed</Description>
       		<ID>WAGSpecialty</ID> 
      		<InitiateID>WAGSpecialty</InitiateID>
    	</AppID>
      	<AppID>
    		<Description>IC Plus</Description> 
	   		<ID>ICO</ID> 
	   		<InitiateID>ICO</InitiateID>
    	</AppID>
		<AppID>
			<Description>GG</Description>
			<ID>GGu1</ID>
	 		<InitiateID>GGu1</InitiateID>
	 	</AppID>
	 	<AppID>
			<Description>GGTest</Description>
			<ID>ggTEST</ID>
	 		<InitiateID>ggTEST</InitiateID>
	 	</AppID>
		<AppID>
		<Description>CDITestPanel</Description>
			<ID>CDITP</ID>
	 		<InitiateID>CDITP</InitiateID>
		</AppID>
		<AppID>
			<Description>Initiate</Description> 
			<ID>mdmu1</ID> 
	 		<InitiateID>mdmu1</InitiateID>
	 	</AppID>
	 	<AppID>
			<Description>Application one</Description> 
			<ID>walgreens</ID> 
	 		<InitiateID>walgreens</InitiateID>
	 	</AppID>
	 	<AppID>
			<Description>Initiate API User</Description> 
			<ID>APIUSER</ID> 
	 		<InitiateID>APIUSER</InitiateID>
	 	</AppID>
	 	<AppID>
            <Description>HealthCloud Tablet user mapping</Description> 
            <ID>HCTB</ID> 
            <InitiateID>HCTB</InitiateID>
        </AppID>	
	 	<AppID>
			<Description>SR2 User</Description> 
			<ID>SR2</ID> 
	 		<InitiateID>SR2</InitiateID>
	 	</AppID>
	 	<AppID>
			<Description>ECOMM</Description> 
			<ID>ECOMM</ID> 
	 		<InitiateID>ECOMM</InitiateID>
	 	</AppID>	 
	 	
	    <AppID>
			<Description>NCR</Description>
			<ID>ncr_schd</ID>
			<InitiateID>ncr_schd</InitiateID>
		</AppID>
		<AppID>
			<Description>TC</Description>
			<ID>TCCSG</ID>
			<InitiateID>TCCSG</InitiateID>
		</AppID>
		<AppID>
			<Description>TE</Description>
			<ID>TCESG</ID>
			<InitiateID>TCESG</InitiateID>
		</AppID>
		<AppID>
			<Description>Ecomm Realtime Integration</Description>
			<ID>ECOMMRT</ID>
			<InitiateID>ECOMMRT</InitiateID>
		</AppID>		
		<AppID>
			<Description>Home Care</Description>
			<ID>HCARE</ID>
			<InitiateID>HCARE</InitiateID>
		</AppID>
		<AppID>
			<Description>Greenway Retail</Description>
			<ID>GWRetailEMR</ID>
			<InitiateID>GWRetailEMR</InitiateID>
		</AppID>
		<AppID>
			<Description>Loyalty Realtime</Description>
			<ID>LoyaltyRealTime</ID>
			<InitiateID>LoyaltyRealTime</InitiateID>
		</AppID>
		
		<!--Newentry added  for Loyalty DP to CDI -->
		
		<AppID>
			<Description>NGPOSDP</Description>
			<ID>NGPOSDP</ID>
			<InitiateID>NGPOSDP</InitiateID>
		</AppID>
		<AppID>
			<Description>ECOMMDP</Description>
			<ID>ECOMMDP</ID>
			<InitiateID>ECOMMDP</InitiateID>
		</AppID>
		<AppID>
			<Description>ICDP</Description>
			<ID>ICDP</ID>
			<InitiateID>ICDP</InitiateID>
		</AppID>
		<AppID>
			<Description>CSRDP</Description>
			<ID>CSRDP</ID>
			<InitiateID>CSRDP</InitiateID>
		</AppID>
		<AppID>
			<Description>KIOSKDP</Description>
			<ID>KIOSKDP</ID>
			<InitiateID>KIOSKDP</InitiateID>
		</AppID>
		<AppID>
			<Description>MECOMMDP</Description>
			<ID>MECOMMDP</ID>
			<InitiateID>MECOMMDP</InitiateID>
		</AppID>
		<AppID>
			<Description>IVRDP</Description>
			<ID>IVRDP</ID>
			<InitiateID>IVRDP</InitiateID>
		</AppID>
		<AppID>
			<Description>EISDP</Description>
			<ID>EISDP</ID>
			<InitiateID>EISDP</InitiateID>
		</AppID>
		<AppID>
			<Description>OCIDP</Description>
			<ID>OCIDP</ID>
			<InitiateID>OCIDP</InitiateID>
		</AppID>
		<AppID>
			<Description>SDLDP</Description>
			<ID>SDLDP</ID>
			<InitiateID>SDLDP</InitiateID>
		</AppID>
		<AppID>
			<Description>POLARISDP</Description>
			<ID>POLARISDP</ID>
			<InitiateID>POLARISDP</InitiateID>
		</AppID>
		<AppID>
			<Description>POSDP</Description>
			<ID>POSDP</ID>
			<InitiateID>POSDP</InitiateID>
		</AppID>
		<AppID>
			<Description>OTHERDP</Description>
			<ID>OTHERDP</ID>
			<InitiateID>OTHERDP</InitiateID>
		</AppID>
		
		<AppID>
			<Description>ESEuser</Description>
			<ID>ESEuser</ID>
			<InitiateID>ESEuser</InitiateID>
		</AppID>
		<AppID>
			<Description>Cornerstone</Description>
			<ID>CS</ID>
			<InitiateID>CS</InitiateID>
		</AppID>
		
		<AppID>
			<Description>Connected Health</Description>
			<ID>CH</ID>
			<InitiateID>CH</InitiateID>
		</AppID>
		
		<AppID>
			<Description>CDI Real Time Batch</Description>
			<ID>BT</ID>
			<InitiateID>BT</InitiateID>
		</AppID>
		
		<AppID>
			<Description>CDI Real Time Batch</Description>
			<ID>BTDP</ID>
			<InitiateID>BTDP</InitiateID>
		</AppID>
	   <AppID>
		   <Description>SalesForce.com user mapping</Description> 
		   <ID>SF</ID> 
		   <InitiateID>SF</InitiateID> 
  	  </AppID>
	  <AppID>
        <Description>Care Management</Description> 
        <ID>CM</ID> 
         <InitiateID>CM</InitiateID> 
      </AppID>
      <AppID>
        <Description>eRx Search</Description> 
        <ID>eRx</ID> 
         <InitiateID>eRx</InitiateID> 
      </AppID>
      <AppID>
		<Description>CCO Non-Salesforce</Description>
		<ID>CCO</ID>
		<InitiateID>CCO</InitiateID>
	</AppID>
     <AppID>
	    <Description>Urgent Consent user mapping</Description> 
    	<ID>UCON</ID> 
	    <InitiateID>UCON</InitiateID> 
	 </AppID>
      <AppID>
	    <Description>Unmerge user</Description> 
    	<ID>UNMERGE</ID> 
	    <InitiateID>UNMERGE</InitiateID> 
	 </AppID>
     <AppID>
			<Description>Ecommerce Consent Mapping</Description>
			<ID>ECON</ID>
			<InitiateID>ECON</InitiateID>
		</AppID>
	<AppID>
		<Description>PC Centralization</Description>
		<ID>PCCDP</ID>
		<InitiateID>PCCDP</InitiateID>
	</AppID> 
      <AppID>
		   <Description>SalesForceDP user mapping</Description> 
		   <ID>SFDP</ID> 
		   <InitiateID>SFDP</InitiateID> 
  	  </AppID>
	</ListOfAppIDs>
</ServicesSecurity>
