﻿<?xml version="1.0" encoding="UTF-8"?>
<beans xmlns="http://www.springframework.org/schema/beans"
	xmlns:xsi="http://www.w3.org/2001/XMLSchema-instance"
	xsi:schemaLocation="http://www.springframework.org/schema/beans
http://www.springframework.org/schema/beans/spring-beans-2.5.xsd">

	<bean id="loggingFacility"
		class="walgreens.utils.logging.WalgreensLog4JImpl" />

	<bean id="customerMasterLookUpBO"
			class="com.walgreens.cdi.bo.impl.CustomerMasterLookUpBO">
		<property name="customerMasterLookUpWSAO" ref="customerMasterLookUpWSAO" />
		<property name="customerMasterLookUpDAO" ref="CustomerMasterLookUpDAO" />
		<property name="walgreensLogger" ref="loggingFacility" />
		<property name="loggingHandlerObj" ref="loggingHandler" />
	</bean>
	
	<bean id="customerMasterGetBO"
			class="com.walgreens.cdi.bo.impl.CustomerMasterGetBO">
		<property name="customerMasterGetWSAO" ref="customerMasterGetWSAO" />
		<property name="walgreensLogger" ref="loggingFacility" />
	</bean>
	
	<bean id="customerMasterEntMemberIdGenerateBO"
			class="com.walgreens.cdi.bo.impl.CustomerMasterEntMemberIdGenerateBO">
		<property name="customerMasterEntMemberIdGenerateDAO" ref="customerMasterEntMemberIdGenerateDAO" />
		
	</bean>
	
	<bean id="customerMasterUpdateBO"
			class="com.walgreens.cdi.bo.impl.CustomerMasterUpdateBO">
		<property name="customerMasterUpdateWSAO" ref="customerMasterUpdateWSAO" />
		<property name="walgreensLogger" ref="loggingFacility" />
	</bean>
	
	<bean id="customerMasterDeleteBO"
			class="com.walgreens.cdi.bo.impl.CustomerMasterDeleteBO">
		<property name="customerMasterDeleteWSAO" ref="customerMasterDeleteWSAO" />
		<property name="walgreensLogger" ref="loggingFacility" />
	</bean>
	
	<bean id="customerMasterMergeBO"
			class="com.walgreens.cdi.bo.impl.CustomerMasterMergeBO">
		<property name="customerMasterMergeWSAO" ref="customerMasterMergeWSAO" />
		<property name="walgreensLogger" ref="loggingFacility" />
	</bean>
	
	<bean id="customerMasterIcunmergeBO"
			class="com.walgreens.cdi.bo.impl.CustomerMasterIcunmergeBO">
		<property name="customerMasterIcunmergeWSAO" ref="customerMasterIcunmergeWSAO" />
		<property name="walgreensLogger" ref="loggingFacility" />
	</bean>
	
	<bean id="customerMasterEntLookUpBO"
			class="com.walgreens.cdi.bo.impl.CustomerMasterEntLookUpBO">
		<property name="customerMasterEntLookUpWSAO" ref="CustomerMasterEntLookUpWSAO" />
		<property name="customerMasterEntLookUpDAO" ref="CustomerMasterEntLookUpDAO" />
		<property name="walgreensLogger" ref="loggingFacility" />
		<property name="loggingHandlerObj" ref="loggingHandler" />
	</bean>
	
	<bean id="customerMasterEntUpdateBO"
			class="com.walgreens.cdi.bo.impl.CustomerMasterEntUpdateBO">
		<property name="customerMasterEntUpdateWSAO" ref="customerMasterEntUpdateWSAO" />
		<property name="walgreensLogger" ref="loggingFacility" />
		<property name="loggingHandlerObj" ref="loggingHandler" />
	</bean>
	<!-- New BO Entry for ECUndelete Service -->
	<bean id="customerMasterUnDeleteBO"
			class="com.walgreens.cdi.bo.impl.CustomerMasterUnDeleteBO">
		<property name="customerMasterUnDeleteWSAO" ref="customerMasterUnDeleteWSAO" />
		<property name="walgreensLogger" ref="loggingFacility" />
	</bean>
	<!-- New BO Entry for EnterpriseUpdate Service -->
	<bean id="customerMasterEnterpriseUpdateBO"
			class="com.walgreens.cdi.bo.impl.CustomerMasterEnterpriseUpdateBO">
		<property name="customerMasterEnterpriseUpdateWSAO" ref="customerMasterEnterpriseUpdateWSAO" />
		<property name="walgreensLogger" ref="loggingFacility" />
		<property name="loggingHandlerObj" ref="loggingHandler" />
	</bean>
	<!-- New BO Entry for EnterpriseLookup Service -->
	<bean id="customerMasterEnterpriseLookUpBO"
			class="com.walgreens.cdi.bo.impl.CustomerMasterEnterpriseLookUpBO">
		<property name="customerMasterEnterpriseLookUpWSAO" ref="customerMasterEnterpriseLookupWSAO" />
		<property name="walgreensLogger" ref="loggingFacility" />
		<property name="loggingHandlerObj" ref="loggingHandler" />
	</bean>
</beans>