<serviceInfo name="accountManagerService" defaultProtocol="WS" overrideParam="accountManagerServiceOverride">
    <protocol name="WS">
        <serviceAttribute name="jndiName" value="service/InetAccountManagerServiceFN1"/>
        <serviceAttribute name="appName" value="RewardsAPI" />
        <serviceAttribute name="appShortName" value="rewards-api" />
        <serviceAttribute name="appGroup" value="www.discoverbank.com - Mobile API" />
        <serviceAttribute name="appVersion" value="1.0.0" />
        <serviceAttribute name="serviceBusinessDelegateVersion" value="1.0.0" />
        <serviceAttribute name="sifPolicyRef" value="#policy"/>
        <sifPolicy ID="policy">
            <operation name="[\p{Alnum}]*">
                <operationAttribute name="timeout" value="7000"/>
            </operation>
        </sifPolicy>
    </protocol>
</serviceInfo>
