﻿<?xml version="1.0" encoding="UTF-8"?>
<serviceInfo name="BankCustomerAccountServiceAO" defaultProtocol="WS" overrideParam="BankCustomerAccountServiceAOOverride">
    <protocol name="WS">
        <serviceAttribute name="jndiName" value="cell/persistent/service/iBankCUSTAccountServiceWSFN1"/>
        <serviceAttribute name="appName" value="RewardsAPI" />
        <serviceAttribute name="appShortName" value="rewards-api" />
        <serviceAttribute name="appGroup" value="www.discoverbank.com - Mobile API" />
        <serviceAttribute name="appVersion" value="1.0.0" />
        <serviceAttribute name="serviceBusinessDelegateVersion" value="1.0.0" />
        <serviceAttribute name="sifPolicyRef" value="#DP"/>
        <sifPolicy ID="DP">
            <operation name="getPartiesOnAccount">
				<operationAttribute name="timeout" value="15000" />
			</operation> 
            <operation name="[\p{Alnum}]*">
                <operationAttribute name="timeout" value="5500"/>
            </operation>
        </sifPolicy>
    </protocol>
</serviceInfo>
