<?xml version="1.0" encoding="UTF-8"?>

<!-- ServiceInfo Configuration file -->

<serviceInfo name="CustomerService" defaultProtocol="WS" overrideParam="customerServiceOverride">
		
	<protocol name="WS">
			
			<serviceAttribute name="jndiName" value="service/CustomerSearchServiceFN" />
			<serviceAttribute name="appName" value="ibank_rewards_api" />
			<serviceAttribute name="appShortName" value="rewards-api" />
			<serviceAttribute name="appGroup" value="OTIS" />
			<serviceAttribute name="userID" value="rviswan" />
			<serviceAttribute name="appVersion" value="4.0.0" />
			<serviceAttribute name="serviceBusinessDelegateVersion" value="4.0.0" />
			<serviceAttribute name="sifPolicyRef" value="#dev"/>
			<serviceAttribute name="jwt.enableAuth" value="true"/>
			<serviceAttribute name="jwt.outboundProxyHost" value="proxy.discoverfinancial.com" />
			<serviceAttribute name="jwt.outboundProxyPort" value="8080" />
			<serviceAttribute name="jwt.cacheOffsetOfExpTime" value="86400" />
			<serviceAttribute name="jwt.continueWithTimeoutCachedToken" value="true" />
			<serviceAttribute name="jwt.tokenTimeToLive" value="129600" />
			<serviceAttribute name="jwt.appSecretKeyStoreType" value="jceks" />		
			<serviceAttribute name="jwt.requireGatewayAuthentication" value="true" />
	  		<serviceAttribute name="jwt.gatewayConnectionTimeout" value="2000" />
	  		<serviceAttribute name="jwt.gatewayResponseTimeout" value="10000" />
	  		
	  		<env name="LOCAL">
	  		<serviceAttribute name="jwt.issuer" value="ibank_rewards_api" />
	  		<serviceAttribute name="jwt.apiKey" value="l7xx8d1b1ad512c54c1d868228148d0995b1" />
			<serviceAttribute name="jwt.tokenEndpointURL" value="https://intapistest.discoverfinancial.com/dfs/auth/jwt/v2/token" />
			<serviceAttribute name="jwt.environment" value="DEV" />
			</env>
	  		<env name="PA">
	  		<serviceAttribute name="jwt.issuer" value="ibank_rewards_api" />
	  		<serviceAttribute name="jwt.apiKey" value="l7xx8d1b1ad512c54c1d868228148d0995b1" />
			<serviceAttribute name="jwt.tokenEndpointURL" value="https://intapistest.discoverfinancial.com/dfs/auth/jwt/v2/token" />
			<serviceAttribute name="jwt.environment" value="DEV" />
			</env>		
	   		 <env name="PROD">
	    	<serviceAttribute name="jwt.issuer" value="ibank_rewards_api" />
	    	<serviceAttribute name="jwt.apiKey" value="l7xx0e150d16e65d44c98fca615ea5c85179" />
			<serviceAttribute name="jwt.tokenEndpointURL" value="https://internalapis.discoverfinancial.com/dfs/auth/jwt/v2/token" />
			<serviceAttribute name="jwt.environment" value="PROD" />
	    	</env>
	</protocol>
	<sifPolicy ID="dev">
		<operation name="searchCustomerAccounts">
	 		<operationAttribute name="timeout" value="6000"/>
		</operation>
	</sifPolicy>
	
</serviceInfo>
