<?xml version="1.0" encoding="UTF-8"?>
<serviceInfo name="EMessage" defaultProtocol="WS">
    <protocol name="WS">
        <serviceAttribute name="jndiName" value="cell/persistent/service/CardmemberEMessageWSFN2"/>
        <serviceAttribute name="url" value=""/>
        <serviceAttribute name="appName" value="RewardsAPI" />
        <serviceAttribute name="appShortName" value="rewards-api" />
        <serviceAttribute name="appGroup" value="www.discoverbank.com - Mobile API" />
        <serviceAttribute name="sifPolicyRef" value="#policy"/>

        <sifPolicy ID="policy">
            <operation name="[\p{Alnum}]*">
                <operationAttribute name="timeout" value="5500"/>
            </operation>
        </sifPolicy>
    </protocol>
</serviceInfo>
