<ruleset>
    <rule>
        <condition expression="#redemption.redemptionType.equalsIgnoreCase('deposit')" />
        <set>#limit.maximum = 10000000</set>
        <set>#limit.minimum = 1</set>
        <set>#limit.increment = 1</set>
    </rule>

    <rule>
        <condition expression="#redemption.redemptionType.equalsIgnoreCase('transfer')" />
        <condition expression="#redemption.getToCreditCardAccount() != null and #redemption.getToCreditCardAccount().id == null " />
        <set>#limit.maximum = 10000000</set>
        <set>#limit.minimum = 1</set>
        <set>#limit.increment = 1</set>
    </rule>

    <rule>
        <condition expression="#redemption.redemptionType.equalsIgnoreCase('transfer')" />
        <condition expression="#redemption.getToCreditCardAccount() != null and #redemption.getToCreditCardAccount().id != null " />
        <set>#limit.maximum = 10000000</set>
        <set>#limit.minimum = 1</set>
        <set>#limit.increment = 1</set>
    </rule>
</ruleset>
