<?xml version="1.0" encoding="UTF-8"?>	
<serviceInfo xmlns="http://www.discover.com/schema/sif" xmlns:xsi="http://www.w3.org/2001/XMLSchema-instance" xsi:schemaLocation="http://www.discover.com/schema/sif http://www.discover.com/schema/sif/spring-sif-1.0.xsd" id="rewardEarnService" defaultProtocol="WS" overrideParam="rewardEarnServiceOverride">
	<protocol name="WS">
		<serviceAttribute name="jndiName" value="service/RewardEarnFN1" />
		<serviceAttribute name="appName" value="RewardsAPI" />
		<serviceAttribute name="appShortName" value="rewards-api" />
		<serviceAttribute name="appGroup" value="www.discoverbank.com - Mobile API" />
		<serviceAttribute name="appVersion" value="1.1.12" />
	 	<serviceAttribute name="serviceBusinessDelegateVersion" value="1.1.12" />
		<serviceAttribute name="sifPolicyRef" value="#policy"/>
		
		<sifPolicy ID="policy">
			<operation name="getRewardEarned"> 
		 		<operationAttribute name="timeout" value="11000"/>
			</operation>
		</sifPolicy>
	</protocol>
</serviceInfo>