﻿<?xml version="1.0" encoding="UTF-8"?>
<beans xmlns="http://www.springframework.org/schema/beans"
	xmlns:xsi="http://www.w3.org/2001/XMLSchema-instance"
	xsi:schemaLocation="http://www.springframework.org/schema/beans
http://www.springframework.org/schema/beans/spring-beans-2.5.xsd">
<bean id="loggingFacility"
		class="walgreens.utils.logging.WalgreensLog4JImpl" />
<!--  Application DAO  beans -->
	 <bean id="dataSource" class="org.springframework.jdbc.datasource.UserCredentialsDataSourceAdapter">
		<property name="targetDataSource">
			<bean class="org.springframework.jndi.JndiObjectFactoryBean">				
				<property name="jndiName" value="jdbc/cdi_mdm" />
			</bean>
		</property>		
		 <property name="username" value="CDI_DEV_OWNER1" />
		<property name="password" value="DA2PPER34D6SESW6" /> 
	</bean>	 
	<bean id="dataSourceRef" class="org.springframework.jdbc.datasource.UserCredentialsDataSourceAdapter">
		<property name="targetDataSource">
			<bean class="org.springframework.jndi.JndiObjectFactoryBean">				
				<property name="jndiName" value="jdbc/cdiws_ds_ref_dev1" />				
			</bean>
		</property>		
		 <property name="username" value="CDI_REF_DEV1_OWNER" />
		<property name="password" value="A3NHRT1E98JX1ZPS" />
	</bean>	 
	<bean id="CustomerMasterLookUpDAO"
		class="com.walgreens.cdi.dao.impl.CustomerMasterLookUpDAO">
		<!-- <property name="dataSource" ref="dataSource" /> -->	
		<property name="walgreensLogger" ref="loggingFacility" />	
	</bean>
	<bean id="CustomerMasterEntLookUpDAO"
		class="com.walgreens.cdi.dao.impl.CustomerMasterEntLookUpDAO">
		<!-- <property name="dataSource" ref="dataSource" />  -->
		<!-- <property name="dataSourceRef" ref="dataSourceRef" />	 -->
		<property name="walgreensLogger" ref="loggingFacility" />	
	</bean>

<bean id="CustomerMasterEntUpdateDAO"
		class="com.walgreens.cdi.dao.impl.CustomerMasterEntUpdateDAO">
		<!-- <property name="dataSource" ref="dataSource" />  -->	
		<property name="walgreensLogger" ref="loggingFacility" />	
	</bean>
		
	<bean id="customerMasterEntMemberIdGenerateDAO"
		class="com.walgreens.cdi.dao.impl.CustomerMasterEntMemberIdGenerateDAO">
	<!-- <property name="dataSource" ref="dataSource" />	 -->
		<property name="walgreensLogger" ref="loggingFacility" />	
	</bean>
	<bean id="CustomerMasterEnterpriseLookUpDAO"
		class="com.walgreens.cdi.dao.impl.CustomerMasterEnterpriseLookUpDAO">
		 <property name="dataSource" ref="dataSource" />  
		 <property name="dataSourceRef" ref="dataSourceRef" />	 
		<property name="walgreensLogger" ref="loggingFacility" />	
	</bean>
	</beans>
