<?xml version="1.0" encoding="UTF-8"?>
<beans xmlns="http://www.springframework.org/schema/beans"
	xmlns:xsi="http://www.w3.org/2001/XMLSchema-instance"
	xsi:schemaLocation="http://www.springframework.org/schema/beans
http://www.springframework.org/schema/beans/spring-beans-2.5.xsd">

	<bean id="loggingFacility"
		class="walgreens.utils.logging.WalgreensLog4JImpl" />
		
	<bean id="customerMasterLookUpService"
		class="com.walgreens.cdi.service.impl.CustomerMasterLookUpService">
		<property name="customerMasterLookUpBO" ref="customerMasterLookUpBO"></property>
		<property name="walgreensLogger" ref="loggingFacility" />
	</bean>
	
	<bean id="customerMasterGetService"
		class="com.walgreens.cdi.service.impl.CustomerMasterGetService">
		<property name="customerMasterGetBO" ref="customerMasterGetBO"></property>
		<property name="walgreensLogger" ref="loggingFacility" />
	</bean>
	
	<bean id="customerMasterUpdateService"
		class="com.walgreens.cdi.service.impl.CustomerMasterUpdateService">
		<property name="customerMasterUpdateBO" ref="customerMasterUpdateBO"></property>
		<property name="walgreensLogger" ref="loggingFacility" />
	</bean>	
	
	<bean id="customerMasterDeleteService"
		class="com.walgreens.cdi.service.impl.CustomerMasterDeleteService">
		<property name="customerMasterDeleteBO" ref="customerMasterDeleteBO"></property>
		<property name="walgreensLogger" ref="loggingFacility" />
	</bean>	

	<bean id="customerMasterMergeService"
		class="com.walgreens.cdi.service.impl.CustomerMasterMergeService">
		<property name="customerMasterMergeBO" ref="customerMasterMergeBO"></property>
		<property name="walgreensLogger" ref="loggingFacility" />
	</bean>
	
	<bean id="customerMasterIcunmergeService"
		class="com.walgreens.cdi.service.impl.CustomerMasterIcunmergeService">
		<property name="customerMasterIcunmergeBO" ref="customerMasterIcunmergeBO"></property>
		<property name="walgreensLogger" ref="loggingFacility" />
	</bean>
	<!-- 
	<bean class="com.walgreens.cdi.service.impl.CustomerMasterPAuthenticateService"
		id="authenticateService">
	</bean>
	 -->	
	<bean class="com.walgreens.cdi.service.impl.CustomerMasterServices"
		id="customerMasterServices">
		<property name="customerMasterGetBO" ref="customerMasterGetBO"></property>
		<property name="customerMasterLookUpBO" ref="customerMasterLookUpBO"></property>
		<property name="customerMasterUpdateBO" ref="customerMasterUpdateBO"></property>
		<property name="customerMasterMergeBO" ref="customerMasterMergeBO"></property>
		<property name="walgreensLogger" ref="loggingFacility" />
	</bean>
	
	<bean id="customerMasterEntLookUpService"
		class="com.walgreens.cdi.service.impl.CustomerMasterEntLookUpService">
		<property name="customerMasterEntLookUpBO" ref="customerMasterEntLookUpBO"></property>
		<property name="walgreensLogger" ref="loggingFacility" />
	</bean>
	
	<bean id="customerMasterEntMemberIdGenerateService"
		class="com.walgreens.cdi.service.impl.CustomerMasterEntMemberIdGenerateService">
		<property name="customerMasterEntMemberIdGenerateBO" ref="customerMasterEntMemberIdGenerateBO"></property>
		<property name="walgreensLogger" ref="loggingFacility" />
		
		<!-- <property name="customerMasterEntMemberIdGenerateBO" ref="customerMasterEntMemberIdGenerateBO"></property>-->
		
	</bean>
	<bean id="customerMasterEntUpdateService"
		class="com.walgreens.cdi.service.impl.CustomerMasterEntUpdateService">
		<property name="customerMasterEntUpdateBO" ref="customerMasterEntUpdateBO"></property>
		<property name="walgreensLogger" ref="loggingFacility" />
	</bean>
	<!-- New Service Entry for ECUndelete Service -->
	
	<bean id="customerMasterUnDeleteService"
		class="com.walgreens.cdi.service.impl.CustomerMasterUnDeleteService">
		<property name="customerMasterUnDeleteBO" ref="customerMasterUnDeleteBO"></property>
		<property name="walgreensLogger" ref="loggingFacility" />
	</bean>
	
<!-- New Service Entry for EnterpriseUpdate Service -->
	<bean id="customerMasterEntUpdateServiceV2"
		class="com.walgreens.cdi.service.impl.CustomerMasterEntUpdateServiceV2">
		<property name="customerMasterEnterpriseUpdateBO" ref="customerMasterEnterpriseUpdateBO"></property>
		<property name="walgreensLogger" ref="loggingFacility" />
	</bean>	
<!-- New Service Entry for EnterpriseSearch Service -->
	<bean id="customerMasterEntLookUpServiceV2"		
		class="com.walgreens.cdi.service.impl.CustomerMasterEntLookUpServiceV2">
		<property name="customerMasterEnterpriseLookUpBO"  ref="customerMasterEnterpriseLookUpBO"></property>
		<property name="walgreensLogger" ref="loggingFacility" />
	</bean>

</beans>
